trial,score,deer.birth,deer.surv,predation.predAtk,predation.predCap,predation.predEff,predators.mort,vegetation.browse,vegetation.capMax,vegetation.vegRate
0,18.8069503345789,1.279905664987707,0.5030888259589392,0.002514159009221016,0.8135532745271474,0.0008541057394708602,0.2905071200437944,0.08312364750867314,199459.81804641345,0.28317434111086265
1,2.603458172683881,1.1331323530643722,0.7169700418160123,0.0036254643102267546,0.18358358735713198,0.0024182214145420013,0.08214533814966689,0.2274117626372614,93086.6449551397,0.3738235251833349
2,2.0292127889912615,1.19678852051196,0.6841591255292712,0.003730603037013681,0.13641902194255667,0.002947221885914751,0.34689092059002447,0.3542570742815475,375625.53165193455,0.30869874048469953
3,23.411075794036368,0.7400602141040664,0.6007472624655112,0.001406281483215302,0.7380840956174992,0.0020348580498439606,0.4466078736072604,0.0526274298395823,214961.7264022256,0.43816674782236986
4,5.319910155279968,0.9425405630858877,0.5112719162824153,0.0021239143960870796,0.82044903206171,0.0011648603993797664,0.3105174516277095,0.2272898413798502,97532.59395554711,0.5288301811561044
5,1.524029232242851,0.6827478743880616,0.5039612289398022,0.00041797623558603497,0.50880402423448,0.0002237751844003323,0.06987318403497134,0.5371820696541505,265184.0953771361,0.08152714007328637
6,2.3798317147710586,0.8583213394354883,0.8065844181712784,0.00046754228477096456,0.5428301295157791,0.0017669241689158143,0.3161775237189871,0.25206445486316165,374696.42209571705,0.303077572935646
7,1.4526183776830395,1.045742737254418,0.571666149181663,0.0013419186065498263,0.8956513206585455,0.00997974449314676,0.08702774359487161,0.3330364317442103,97335.42506693481,0.575412285658032
8,0.97171552557306,1.0500147026361542,0.5206547572707977,0.0018300513164282311,0.6230060323607183,0.005923077469125783,0.3940737504752383,0.14207165909591185,384295.2916768599,0.42622627502230465
9,1.3883163989851806,1.025725843973544,0.7166240020157001,0.002011150424672376,0.8881609116112273,0.005765637454537362,0.03863230919915281,0.518421635993012,191103.40859881855,0.061176077513015584
10,21.445136666508382,0.6920844823087402,0.7131269452678107,0.0016238854605524784,0.12549407862931858,0.006313626155515201,0.07844263488968442,0.2601434965955061,185187.88814691288,0.4816282137376859
11,1.7877483827212994,1.2267948402894615,0.7387186885335874,0.0035473848321253523,0.26102171190919343,0.00738928671784317,0.22975329953797824,0.4684327999968884,88125.14872880414,0.47261827701737424
12,1.8404464096074074,0.8356724967081626,0.9127527197377574,0.0018471152129106905,0.6173795651402535,0.0017520445640520992,0.42633864523092635,0.24054241557364406,388503.92761406704,0.1462624597289208
13,1.521935290006029,0.6554805370916774,0.9543292182596248,0.004930837407549853,0.565573999107416,0.00016815362040566167,0.058628034902407075,0.5851553714703897,96161.20085590154,0.1627581135729763
14,1.7053915984133965,1.3697899633557906,0.6701749299228562,0.0007036522237609501,0.5276423263256824,0.0014161310640694782,0.07069648296627756,0.36692920631823206,204441.16662559242,0.13307509335936302
15,91.69523615641663,0.9062604004760719,0.8378450664112287,0.003820969166167483,0.37555074579974534,0.00887740785321084,0.10946753771378481,0.03935813346472659,302716.21493799926,0.3380162427920557
16,4.852992267376886,0.9449922309367644,0.5476287004584881,0.0002427738769212232,0.4995120548389296,0.0017746204528524849,0.32595135387464547,0.5281534356257932,326945.51133462996,0.43212522701734
17,1.4701115013382704,0.5117127923861495,0.5844082610856384,0.002283759179493936,0.5253585175699017,0.003913425858153445,0.11133338695653659,0.13344472136695354,329647.69790088787,0.05972065490270151
18,5.299154199468998,1.3471586427536417,0.5138111898220186,0.004965772832643507,0.8056450048117858,0.005466319497839922,0.27604284962777675,0.3212578836079681,382859.912544343,0.294416378660721
19,95.30809755861952,1.078529414657413,0.760232632000813,0.001501940639131254,0.6661881230074791,0.007220728186276971,0.07850873289123755,0.0393474871401055,371051.0177519793,0.3269031455260005
20,29.091036766353238,1.073085429927338,0.5254150701002822,0.003014787978496429,0.36717133192043894,0.0087934035566709,0.13861948426424184,0.29412942628069166,225130.15523063383,0.42271714903476404
21,58.235857400466394,1.2882644513159633,0.5172794972268929,0.0029849976154574503,0.571282862796441,0.00679665672799301,0.22113794354067426,0.3749915979620253,313468.66267484205,0.4956417129776707
22,1.4670696451726617,0.6631816877124579,0.5311407436008321,0.0017742937218374493,0.4497054637593364,0.0053789130406269176,0.04220667846997023,0.3648695815473127,140508.81870773062,0.05068919381227432
23,0.9162457627837354,0.5077134260346322,0.9579389540522949,0.0029514310428487116,0.8799102841181796,0.009863832403037186,0.4214086611927781,0.46969248051111384,186825.39006376342,0.4675887123080756
24,1.5687312985269637,1.201986121508897,0.5922381244969983,0.0011061617954248233,0.1440153978379154,0.0012449061840221552,0.4709215078748775,0.13878988378413037,191604.3082981988,0.07267882828925794
25,20.8179643652629,0.9207583536498176,0.7505664844537249,0.001847757043627641,0.5895066344660909,0.0023997239724132557,0.15049138515276583,0.4446337224101456,199176.92685990361,0.5859540613644189
26,1.5630144066300724,1.3495117444521183,0.5106722985292729,0.0005167172269371391,0.7299747377975309,0.0006251426349886763,0.1480810123199346,0.2635534923669606,143154.42804212833,0.31551800141365505
27,0.265514799581012,0.5527483672877661,0.6320881299933075,0.0015010935546341416,0.7302373782447129,0.009756764444833579,0.39955569640809097,0.1324205993366673,273681.0061331901,0.5124673953347335
28,1.902110434233093,1.3279773993228303,0.9644184322088181,0.00047252862093464696,0.3200266359256373,0.0025094722404699578,0.313960115695163,0.5259452774111191,377817.8739720663,0.5420323821000482
29,4.925159478882714,0.859182598345545,0.6002875450082628,0.0013823041860147442,0.442487199579319,0.006124165936930703,0.29716602313725304,0.5022624577245075,191021.33484083938,0.30010599667132065
30,7.870160561095697,0.7925216487246981,0.5818724822432315,0.0027196360731259156,0.2102777948933271,0.007130444546996164,0.3396184270189784,0.24129949834441433,139627.11174363125,0.2695606179324055
31,1.3392651023006785,0.9023687687969897,0.7911467239839232,0.0038081379846014365,0.8010384058185198,0.007348826503972557,0.12927966883475742,0.20270790148486645,280118.7803409459,0.09123913077112641
32,35.78012399243833,0.9972146263691866,0.7258865996385162,0.004334602619274015,0.3251347545486434,0.008344024114696834,0.27164766934591356,0.01147300900417476,187318.39913335745,0.32974410440857527
33,1.201830853254401,0.9801511621818353,0.5342840107336283,5.451011505852476e-05,0.8328398977775278,0.00046809953086331406,0.1000824665607712,0.1707948979035034,309413.86462020193,0.06846572781584624
34,1.6879895367249595,1.3957096685722061,0.8116084176531628,0.001977597936972204,0.8051713801813706,0.00508676309205905,0.0933763024888961,0.494440134420008,110735.77763942315,0.10634622945811512
35,1.9166144736699695,0.7884007150197565,0.6848203107141746,0.0009125629450057803,0.5706278395694966,0.008690682243351065,0.2982628894643906,0.16195433826142716,194877.94625080144,0.4172250135307993
36,0.5961464015659734,0.9309088846317657,0.9155528500835164,0.0033859023329199755,0.8219789511069412,0.007558610386272575,0.15821963864510505,0.012071957939198507,298946.64737590303,0.015575542975589841
37,0.6871441352415292,0.7088507157651962,0.6589036040783055,0.0037407264990064718,0.345503175125094,0.006028895048095937,0.28634316661161185,0.4078759073942354,224472.74083807247,0.09478965532029124
38,12.47234987999036,1.2006884072390827,0.8211603108477883,0.00048329979519576066,0.16436762690262907,0.0021473644930194284,0.28527343051992216,0.11184481473755119,88392.90518418913,0.5580347960677073
39,0.968610265114194,1.117205165414114,0.7030867672324692,0.004233471430657355,0.8991320508864515,0.009364840225850938,0.366362931853365,0.1216911115012824,149306.2723049227,0.5423859749692557
40,1.6036149498816803,0.8586929976792177,0.7225286213304296,0.003160912729151697,0.8694575947681,0.0055819878550810095,0.4614041287306354,0.48488044201730424,99489.22007652935,0.30276070668937705
41,7.990209369292104,1.2996713498413897,0.8683565240010015,0.004845578487555366,0.2083831567078009,0.005335075923948408,0.46844725676814647,0.2127810817667536,107163.79139648545,0.5788375197841635
42,9.925155400990072,0.6559741893804862,0.5271162595143919,0.004269422289443752,0.5439048500738402,0.0020435321583557797,0.421186509424722,0.5849502012037576,294527.9436658817,0.32849439522568535
43,1.5350464430233772,0.5324551051016466,0.6947912412473923,0.00389796293524855,0.4359266362686168,0.009647788182361174,0.04970110139068615,0.1785894396704157,121525.78909456711,0.17727579539436294
44,0.5776947642912659,0.679698057274293,0.8202791087462138,0.0026162520568479256,0.5437099547998313,0.008457746930649575,0.4012340958116535,0.344666351576049,126023.80486262035,0.11211331617038853
45,7.077351438002216,1.364360462868422,0.6904687803035667,0.0014280757191131477,0.4595423328581925,0.0018497678758108965,0.4287145203564322,0.22754850551365569,128667.32080253834,0.5541742183718645
46,1.3217223216707934,0.968366930893812,0.6217812599199246,0.003063511495056035,0.8571481847933458,0.0035012406464078483,0.03655151239911462,0.5785640515311987,110261.21976935971,0.38525375287286995
47,1.660383011422487,0.7803370225315447,0.9087487164852496,0.001031471709277023,0.0628250097358105,0.0046733365481420154,0.08797800704627882,0.317167990491328,98769.45172958588,0.12662936371278433
48,5.870131187211235,1.0725892124562217,0.9493816623873279,0.0018508759198385613,0.5927822123914144,0.0032651085914492868,0.46007473316358183,0.10690984577866032,152160.05566494924,0.19315449121791983
49,1.6869143972330969,0.6889015978586652,0.5225093312644332,9.732496338449439e-05,0.764219377193811,0.007112962517252925,0.19828930188649488,0.44509186136331663,89368.73944545841,0.3362023703858842
50,203.15244769088866,1.1352379572941702,0.8402096656307223,0.004711738230681279,0.1002555728401332,0.005745596146551393,0.2688666176000729,0.04529082966108657,305733.05584504735,0.33899326485228853
51,3.695744473248319,1.3073301991536064,0.6674134256473685,0.0025772387056205064,0.8095269840018758,0.0003894903883627641,0.4877974825088044,0.39745941099049303,196509.55367716873,0.5092167537575805
52,0.845415852751628,1.2179248927573707,0.7556747702020081,0.003738783659443972,0.13826852290642536,0.00880999746785438,0.41579691463775137,0.1725911353655722,226344.2761672753,0.19466642359860953
53,2.0987546500813288,0.9068495760633184,0.5312451815376801,0.004767882226238511,0.3966501074447055,0.009535993868952044,0.11597264602801545,0.15577183826971566,151290.4534645382,0.41138672052758024
54,0.5159865577447886,0.8808066684383993,0.5091801225269484,0.0021776978260351506,0.38159640930571675,0.00945273133584648,0.48758036222097645,0.3867075889819653,335603.6036413001,0.39235429361260393
55,119.64373612495187,0.5267028608760502,0.640196868337249,4.005954001465348e-05,0.15101576562130808,0.005792955141573029,0.12443260846339264,0.1013425228356656,393655.3799414124,0.5745490474134742
56,28.272387469374824,1.3723748087770777,0.5894088517623262,0.004411867819246438,0.4978045366388432,0.006646505995205132,0.09768311317412656,0.16444541077703295,201803.92624425757,0.3703349775092367
57,7.041752119412662,0.9255039904697673,0.8135805597173443,0.0023737608369281534,0.6892000003154604,0.006460891811619118,0.17758213393649783,0.11885980504068813,364661.6487067498,0.4495242670063162
58,26.554396967039306,1.031322529006015,0.8046235264871691,0.0023846190099675764,0.12549125268537437,0.00410648482555094,0.39565987203601083,0.27804120209117594,327387.8284948054,0.41183291985637616
59,4.231698821488898,1.0289543290224672,0.7558037529337824,0.0007493173507134394,0.599703814204283,0.006988625590198417,0.28177865194968776,0.2868382714508859,103743.09491072953,0.43712046056195686
60,34.966364465686624,0.7563864282828837,0.8369891092186221,0.00039945306607639845,0.8702614250358779,0.007005469697589486,0.3895443153507696,0.007384213969305553,264839.2451033565,0.5643684876614963
61,1.6266563632322066,0.9598893766349113,0.7121812613631517,0.0025918411818025293,0.7029684126309952,0.003756426347975441,0.3931940403029176,0.5238293960529185,82166.93125831864,0.11025312939697292
62,1.492258219439334,0.7867172896701051,0.7290023961614822,0.004406932590365531,0.326757686516816,0.007005398827575691,0.45734841714902885,0.4175278352554269,393693.5718468223,0.10552840933626131
63,2.4483713147886395,1.0477916937633265,0.8881093662035727,0.0003480269051952941,0.4010489776564109,0.004543072413485034,0.41283235100599414,0.4768438297209434,161835.28018085693,0.5767793246503053
64,1.7569077619807785,1.2483894073784256,0.9237765936334057,0.002869164107738072,0.11781455635659491,0.007742821613721248,0.4371152744842963,0.12551514728810864,93447.79726778889,0.2767128960880534
65,15.979122577354872,0.5481241770251737,0.8522569602878886,0.0007952899074494003,0.12400174644794038,0.009098355574950893,0.0752869548401422,0.1744238098444309,234194.6074707118,0.17942390870482125
66,0.5118010228510981,0.8349614451380607,0.6070121939187844,0.003540588977323571,0.8775526264526052,0.007452605516088792,0.2617221044358881,0.15046467317353263,340815.5659646777,0.4582382003619137
67,19.12191907952201,0.742438029645541,0.6177920642019175,0.003481759838412179,0.2666868893559932,0.009884064758620966,0.3717814399949766,0.4286365032108284,210565.71475550177,0.32705975424068323
68,0.6226952705592532,0.6206157975626776,0.7399786321728168,0.0030010504101110106,0.7372197659564736,0.003911377801183529,0.28663392100572005,0.35886919222003844,86829.16308825686,0.11851455050343414
69,10.116093560453542,1.2278207303034105,0.6718895812503773,0.004651806555458937,0.12138758071985045,0.0008953148466013855,0.20069992657868632,0.2015781274771436,123096.02074801194,0.4905661253334759
70,22.891108823493916,0.9030448771241859,0.929156978082416,0.004688180615159259,0.5822048852966025,0.002603172348549236,0.30376276753714293,0.1323173523456188,197628.504385108,0.2837975060074146
71,0.749151337276218,0.7403185356458198,0.5771347823316976,0.004099135895143314,0.15404588410577758,0.002403352986121732,0.10129612317960035,0.4769885310824073,100101.00196192432,0.10292055671808296
72,7.172972650425958,0.5647495289458284,0.9353050401300305,0.0006426589651794046,0.6574261573001481,0.006916325990065901,0.30643049975474,0.10859367374797513,298115.3576183381,0.5365061293560466
73,26.524136569701806,1.081887144262779,0.5723303156217401,0.002384637698260337,0.27118370574964806,0.00370907316951963,0.44869954590479333,0.16869775998979375,213026.3975829701,0.29256813998332737
74,0.614555075448106,0.5012810111554079,0.8758552973761302,0.004374935761886535,0.6842459759883549,0.005247274965151229,0.4274964660850501,0.38841152839898835,286513.74645742343,0.34472234801419127
75,25.37905101728554,0.8037910610357936,0.508729713235357,0.0011760843776488256,0.12020244384359594,0.0001364590285394158,0.21791273410081363,0.0984613568016521,168570.6453297949,0.5670393783778223
76,1.6324851894888441,1.1417434894632263,0.5250457408772119,0.0036398999465595766,0.21161731224417318,0.008067979299139251,0.3326024233757493,0.5103544228978134,233823.27561550718,0.013639057488200325
77,1.8977658052816198,0.6889667258037186,0.9313099796034299,0.0010244490187044772,0.1299025753076985,0.002196928709928591,0.04750070688111672,0.588292796022901,219524.11067593927,0.3310677818396303
78,0.5108276268872102,0.7469104262663365,0.6720598355475285,0.003929444772830865,0.5169575695374359,0.0027081917787976553,0.38015345939198064,0.3438867941332024,139151.65118638898,0.5001311724770039
79,0.7408997098315854,1.2671177739654356,0.8672817194291854,0.0034863912122668657,0.8411483479579576,0.009265955998819523,0.29657457993668723,0.4169107455545733,93061.9081609552,0.09473007205434225
80,1.7030267717401455,1.1375379665265108,0.667463085772862,0.00036340253976783565,0.21443351018911938,0.001466915968626493,0.3743570808723711,0.2561983376961186,265366.799957799,0.11458326179665317
81,47.443257040896505,1.1560002478908875,0.7148114165944243,0.0024719800056902563,0.21710751838725034,0.009969890567292868,0.2379989571040337,0.19069309828059366,250535.37240568933,0.4161214069329961
82,7.925653177921424,0.9237104095651513,0.7040515233537377,0.003720376249193956,0.33472052361914056,0.006247619724985678,0.34498376686899457,0.2687745861375559,146497.29285634332,0.28800317398235264
83,10.62413748806049,0.7318644401579548,0.8989658746410953,0.0005962483925227563,0.2844747809673198,0.004157622809478725,0.4744956453821585,0.042048270851520894,343341.06771300477,0.08979273206451481
84,4.544989687240042,1.2466370418389277,0.7467216798052019,0.001573112355693214,0.17950308784135227,0.0007445781628394127,0.05098222339844809,0.3845052721889883,149688.463908778,0.5816081393835087
85,0.5758890107650811,0.5605336875469485,0.9495323996075431,0.004928825940596953,0.40247514498783277,0.003654099028528925,0.44148772696946614,0.3546630975195606,311714.96842498024,0.038280632540668366
86,131.16175063241383,1.155805132879724,0.7123631057320416,0.00027755532211942474,0.09080655991965877,0.0026800953179300997,0.14015611352326537,0.10947000575082774,318436.2920149765,0.40256556727698944
87,24.847042053455013,0.6871412864773958,0.5503131889979747,0.00027931071532922956,0.39486601832769697,0.004233718200829012,0.0672390466477142,0.23840789817763108,371706.72400686034,0.1683985244653655
88,3.8329747382707087,0.9265005758409879,0.5756139376619359,0.0009022259722629104,0.6892552547899004,0.004314750601730758,0.19777101827954185,0.011450657419915843,190230.2724066912,0.3147684206320521
89,2.0316860807408523,1.3544907647858042,0.8434827509502729,0.0017061366675542571,0.8603150972097029,0.00020606102403854864,0.11837860271713473,0.3763013305197905,314833.29302629153,0.33721787099648914
90,0.7475468654982748,0.8502312431928831,0.8037415637837974,0.0017394415956629465,0.4604050760258043,0.0067881653212962115,0.4653241849774242,0.21223799460338658,202114.90391894494,0.08175846336469786
91,19.04559257294416,1.3921530202743866,0.9030879832510819,0.004387492658632437,0.14734698869707552,0.0029305827358387404,0.22949759989217333,0.23102624078961986,197924.10349872307,0.5747745581383769
92,3.9006677792622657,0.8489554880932052,0.7428378618235366,0.0016186578593842514,0.5504671068094767,0.005476205617538338,0.11543769666912908,0.5664031245751999,228347.9871019211,0.19233069280087287
93,1.6062676898133343,0.8045228560747459,0.5957592388479809,0.0005071895676186326,0.5795979133848889,0.005807748743323655,0.4696500516088524,0.4983666141918238,320740.547318504,0.0450977875651923
94,2.0070758905335992,1.3182639875251696,0.9418071248236177,0.0008393640083914922,0.1539004752413885,0.0013255772613154073,0.035933663170464494,0.3565628657997721,263469.77890233893,0.4099665582099963
95,100.33240221913888,1.1842034681159062,0.8179076287701497,0.0032805490102910807,0.38378967671413905,0.009574302412644481,0.17453179170310693,0.300414134107051,388201.4231909589,0.5123360899118712
96,1.7018674519010357,1.2021831707391717,0.9093447512475274,0.003997281430984054,0.24232097495324934,0.0036647650765808406,0.16183815877518257,0.4727879461818391,96908.95491534281,0.0690778968978038
97,3.7524503449398967,1.0879505215747045,0.8057931015508677,1.5063272260946818e-05,0.14573449556129814,0.0017286305039776572,0.13307933740248482,0.18306427485054524,80619.52906281309,0.5201324028352405
98,1.721543535608154,0.919075080521947,0.8130534659923025,0.0018095524089553603,0.7709086528389978,0.0010842658059356887,0.4373302603521938,0.4965177118584417,89828.61465183433,0.3118787055888309
99,1.6815774929003033,1.105002699884717,0.7603868701706953,0.0035988516411481885,0.09332572879719042,0.005369520306078041,0.26530641214853995,0.3375256030995104,244549.97740264298,0.1555501675423384
100,3.892446739243375,0.5734718628077656,0.5223573104748475,0.00026018301240517626,0.882001205901303,0.001661956044521688,0.35158256901625784,0.42453616413790796,114192.83331543341,0.37556872016684584
101,0.5615630363411201,1.0392684373166576,0.8544740593088432,0.0033836928422339026,0.5095702028818861,0.007189373411747141,0.030963986385815778,0.1305431064375338,273728.21030712477,0.04303618276240621
102,1.6161971030521172,1.1872883498447946,0.5126300713228452,0.0010291121240170883,0.49588874260114507,0.003280850635388552,0.06871043593726348,0.2711940992743605,155853.77977186412,0.042100808030697115
103,7.9703421644686125,1.255898342476457,0.6515391214811123,0.003579278420218901,0.25912798103614376,0.00740857249020277,0.4450227435139349,0.008718923134473954,88344.03262386058,0.17715037929959326
104,1.6003768611132498,1.1923396307473202,0.5582552162337323,0.003651829632123703,0.6915939167329423,0.001643303009874687,0.33919356163184056,0.5449561776657729,272843.0774621754,0.020403854311297
105,2.227889813236406,1.2712924994201447,0.5357881219140163,0.0023581748180888235,0.5501655394089774,0.00013011481042369386,0.27320030938300377,0.4921033190865002,143836.8677547002,0.3778466271314138
106,3.502576293660218,1.3436556381220033,0.919421988823754,0.004762589635318794,0.12714636322112982,0.009998135481836794,0.18581488498912452,0.2969380054688171,186440.9463506989,0.5633218515571805
107,2.240615299920494,1.0299342953974076,0.7200311618617804,0.0024769831003189752,0.48607932100326423,0.005847192989987475,0.10126061908047146,0.4838754624845919,139147.97139317467,0.22229084580232475
108,16.755089817416913,1.361694216608099,0.5470574361380101,0.004008381795009757,0.7020183878053543,0.004312430947614255,0.3163736616290307,0.012340853321875267,163947.96011199796,0.4344366217091769
109,1.718175926271213,1.1744894957755583,0.8687146194487365,0.0022900676936108877,0.07986576417600202,0.007745575361239684,0.4808549892771783,0.5300973196402962,149087.9452585269,0.1524871473992249
110,6.245732778507504,1.3654635680765566,0.8407476474489582,0.00031662276376415307,0.6455660811476552,0.006775832696843473,0.23490436504628776,0.08855460623978191,280164.08845681074,0.19744239074360553
111,73.96769995692024,0.9258846445273787,0.9647519899215715,0.003191531649179233,0.7096505486970781,0.005579683318863822,0.3856692309856373,0.4091448234429655,378177.234907241,0.3551584509664612
112,34.288548837583875,0.6783476019754859,0.8132572240556104,0.0036357004781882476,0.3991729727567318,0.0007100405107657839,0.36161961782287244,0.27890283411997896,239794.63041659776,0.46649528362566955
113,129.71037929594215,1.2972596056944687,0.8495825843626188,0.004001633653890808,0.17561016474685404,0.0027505323484189937,0.28054446972117375,0.0915369541573965,287190.7037973873,0.3921169050994163
114,0.6502352056608205,0.6361258816499598,0.8816500345209797,0.001179660170708587,0.5385600115936038,0.0065307202147596105,0.12543676318621028,0.1046309607537301,391454.2732871794,0.013295987414690628
115,1.6289400412395216,1.2274220700874845,0.5496006006804862,0.0016723588119132125,0.43469770348925507,0.0003772325646657887,0.4455051536624991,0.5250883110878051,305040.1532669604,0.03941090773520742
116,16.270401224664376,1.2536732814673357,0.6428420892016073,0.0032607291895322753,0.7921909202908489,0.00013018593847368234,0.06451340823879345,0.5490872902709955,390130.25558970834,0.49863976236584706
117,1.1303356730310987,0.8417797138457083,0.6172348281174908,0.0018814210369612681,0.7999181857252461,0.006494739348836561,0.08848077841259186,0.5448494544339866,109194.92889513486,0.5922783718975044
118,8.142769240730017,0.9517316382263683,0.9135458352658747,0.002745683303650027,0.35020727189411516,0.009911308015403847,0.4911274802169675,0.495246444672137,190875.92466683587,0.49465870361594994
119,24.26277769829124,1.10782991794018,0.6302514284096328,0.00465242195859219,0.4076663899035581,0.00996841765128083,0.2995430135861966,0.3618533758820515,247196.94667626626,0.33277782005226186
